"lon","lat","elev","grav","name"
102.47925,24.42858,2069.451,978418.218,2001
102.48018,24.42824,2067.712,978418.453,2002
102.48153,24.42745,2067.1,978418.08,2003
102.48304,24.42756,2074.524,978416.543,2004
102.48446,24.42697,2081.817,978414.533,2005
102.48618,24.4278,2088.625,978413.222,2006
102.48756,24.4267,2095.781,978410.926,2007
102.48936,24.42751,2108.019,978408.472,2008
102.49068,24.42945,2137.625,978402.387,2009
102.4914,24.43117,2144.911,978401.289,2010
102.49398,24.43166,2125.456,978404.942,2011
102.49546,24.43183,2096.462,978411.081,2012
102.4962,24.4299,2078.394,978413.978,2013
102.4978,24.42941,2062.109,978417.16,2014
102.49762,24.42645,2002.729,978429.61,2015
102.49689,24.42381,1970.021,978436.011,2016
102.49738,24.42049,1945.557,978440.735,2017
102.49887,24.41963,1926.843,978443.61,2018
102.50027,24.41928,1904.199,978447.653,2019
102.5017,24.41844,1884.896,978450.984,2020
102.50429,24.41777,1856.415,978454.696,2021
102.50421,24.41722,1838.177,978458.663,2022
102.50654,24.41774,1764.087,978473.669,2023
102.50499,24.41444,1698.948,978486.942,2024
102.50633,24.41162,1677.214,978490.792,2025
102.50751,24.41096,1667.412,978492.059,2026
102.50866,24.40963,1657.04,978492.763,2027
102.51023,24.40918,1650.289,978492.494,2028
102.5109,24.40746,1651.261,978490.854,2029
102.52604,24.4429,1685.843,978487.315,1001
102.52775,24.4419,1674.709,978487.961,1002
102.52868,24.4405,1674.607,978486.827,1003
102.53021,24.44003,1668.105,978486.897,1004
102.53196,24.43918,1663.662,978487.033,1005
102.53343,24.43876,1661.456,978486.798,1006
102.53486,24.43812,1659.767,978486.59,1007
102.53647,24.43749,1659.956,978486.064,1008
102.53801,24.43684,1661.283,978485.483,1009
102.53947,24.43622,1661.163,978485.322,1010
102.54092,24.43559,1660.8,978485.371,1011
102.54246,24.43511,1660.089,978485.7,1012
102.54382,24.4343,1659.449,978485.908,1013
102.54495,24.43376,1659.061,978486.28,1014
102.54652,24.43316,1658.794,978486.71,1015
102.54835,24.43223,1658.169,978487.439,1016
102.55019,24.43126,1660.279,978487.52,1017
102.55568,24.4286,1655.209,978487.881,1018
102.55702,24.42774,1657.338,978488.993,1019
102.55856,24.42644,1660.12,978489.244,1020
102.55944,24.4256,1656.491,978490.099,1021
102.56089,24.42414,1656.271,978490.564,1022
102.56152,24.42339,1656.06,978490.869,1023
102.56291,24.42224,1656.017,978491.003,1024
102.56459,24.4217,1655.693,978491.28,1025
102.56603,24.42112,1656.067,978491.219,1026
102.56759,24.42039,1657.609,978491.146,1027
102.56906,24.41983,1655.385,978491.925,1028
102.57067,24.41922,1655.734,978492.129,1029
102.5722,24.41861,1655.37,978492.399,1030
102.57334,24.41815,1655.631,978492.684,1031
102.57497,24.41748,1656.231,978492.866,1032
102.5534,24.43019,1657.029,978492.942,1033
102.55286,24.43026,1657.811,978492.973,1034
102.55116,24.43094,1664.209,978492.423,1035
102.54524,24.39352,1636.605,978493.075,11022
102.54626,24.39563,1638.427,978492.683,11021
102.54629,24.3972,1639.613,978491.894,11020
102.54774,24.3981,1645.41,978490.721,11019
102.54904,24.40109,1641.576,978490.714,11018
102.54873,24.40353,1639.943,978490.189,11017
102.54971,24.4055,1640.791,978490.046,11016
102.55121,24.40695,1641.972,978490.211,11015
102.55165,24.40661,1641.977,978490.413,11014
102.55281,24.408,1642.851,978490.553,11013
102.55383,24.4093,1643.452,978490.697,11012
102.55477,24.41093,1644.368,978490.784,11011
102.55405,24.41165,1644.23,978490.526,11010
102.55524,24.41362,1646.683,978490.37,11009
102.55626,24.41455,1647.445,978490.588,11008
102.55745,24.41607,1648.706,978490.791,11007
102.5589,24.41745,1651.55,978490.822,11006
102.56019,24.41877,1654.236,978490.73,11005
102.56117,24.42066,1658.179,978490.316,11004
102.56235,24.42233,1660.099,978490.443,11003
102.56337,24.42422,1660.827,978490.868,11002
102.56443,24.42622,1662.229,978491.215,11001
102.51157,24.40713,1651.235,978490.13,2030
102.51419,24.40603,1653.947,978486.871,2031
102.51554,24.40603,1655.05,978485.682,2032
102.51668,24.40544,1648.34,978486.028,2033
102.52072,24.40614,1637.109,978487.1,2034
102.52214,24.40527,1635.537,978487.033,2035
102.52281,24.40729,1635.97,978486.972,2036
102.52419,24.40641,1635.729,978486.714,2037
102.52538,24.40566,1635.671,978486.601,2038
102.52678,24.40478,1635.246,978486.665,2039
102.52803,24.40407,1635.399,978486.784,2040
102.52966,24.40315,1635.333,978486.977,2041
102.53107,24.4024,1634.374,978487.428,2042
102.53275,24.40166,1633.626,978487.885,2043
102.53435,24.40094,1634.362,978488.357,2044
102.53602,24.40022,1633.769,978488.84,2045
102.53794,24.39951,1638.915,978488.327,2046
102.54057,24.39837,1637.038,978489.788,2047
102.54161,24.39796,1639.077,978489.85,2048
102.54306,24.39743,1640.06,978490.329,2049
102.54465,24.39694,1639.597,978491.242,2050
102.54669,24.39623,1639.081,978492.579,2051
102.54816,24.39578,1639.028,978493.317,2052
102.54959,24.39524,1639.05,978493.955,2053
102.55147,24.39462,1638.681,978494.786,2054
102.55329,24.39402,1637.808,978495.533,2055
102.55491,24.39347,1637.127,978496.335,2056
102.55665,24.3929,1636.627,978497.256,2057
102.55841,24.39232,1636.478,978498.026,2058
102.56002,24.39179,1636.509,978498.315,2059
102.56185,24.39117,1637.359,978498.633,2060
102.56366,24.39058,1638.499,978499.046,2061
102.56505,24.38971,1639.388,978499.102,2062
102.56536,24.38721,1641.603,978498.301,2063
102.56833,24.38684,1651.845,978497.003,2064
102.57005,24.38646,1651.111,978497.527,2065
102.5724,24.38637,1656.318,978496.518,2066
102.57456,24.38585,1661.257,978495.783,2067
102.57667,24.38569,1665.342,978495.784,2068
102.45444,24.4084,1797.764,978472.684,3001
102.45595,24.40737,1783.683,978474.925,3002
102.45683,24.40638,1775.236,978476.729,3003
102.4582,24.40566,1780.374,978475.495,3004
102.45982,24.40536,1791.32,978473.308,3005
102.46185,24.40657,1801.444,978470.731,3006
102.46291,24.40437,1813.772,978469.84,3007
102.46419,24.40338,1806.07,978471.112,3008
102.46516,24.40273,1802.998,978471.78,3009
102.46599,24.40257,1802.214,978472.25,3010
102.46924,24.40477,1802.262,978473.44,3011
102.47019,24.40286,1782.808,978475.157,3012
102.47136,24.40183,1779.702,978475.765,3013
102.47259,24.40155,1776.987,978475.835,3014
102.47415,24.4013,1773.103,978476.067,3015
102.47583,24.40083,1777.576,978474.827,3016
102.47841,24.40225,1803.775,978470.253,3017
102.47953,24.40122,1811.8,978468.424,3018
102.4804,24.39983,1822.755,978465.82,3019
102.48174,24.39977,1823.599,978465.013,3020
102.48309,24.39878,1816.996,978466.473,3021
102.48465,24.39834,1809.833,978467.963,3022
102.48597,24.39705,1776.881,978469.761,3023
102.48462,24.39426,1799.13,978474.751,30231
102.4858,24.39341,1769.047,978476.114,3024
102.4876,24.39305,1762.612,978477.012,3025
102.48905,24.39294,1761.827,978476.543,3026
102.4903,24.39228,1755.383,978477.912,3027
102.49156,24.39158,1738.436,978480.925,3028
102.49305,24.39128,1734.29,978481.113,3029
102.49453,24.39112,1727.425,978482.424,3030
102.49653,24.39223,1706.07,978486.669,3031
102.4981,24.39102,1696.712,978487.723,3032
102.49929,24.39041,1688.907,978488.832,3033
102.50051,24.38946,1682.458,978488.75,3034
102.50166,24.38848,1675.719,978488.24,3035
102.50294,24.3874,1670.708,978486.744,3036
102.50418,24.38675,1662.547,978486.303,3037
102.50597,24.38752,1653.44,978486.793,3038
102.5077,24.38734,1643.827,978487.403,3039
102.50895,24.38683,1637.342,978487.97,3040
102.46611,24.35616,1614.095,978508.302,4018
102.46699,24.3546,1614.587,978508.44,4019
102.4688,24.35537,1614.817,978508.447,4020
102.47058,24.35645,1615.649,978507.239,4021
102.47326,24.35636,1616.259,978507.689,4022
102.47647,24.35746,1620.523,978506.209,4023
102.47665,24.35533,1616.289,978507.61,4024
102.47792,24.35458,1617.925,978507.047,4025
102.47958,24.35424,1620.064,978506.462,4026
102.48069,24.35217,1621.529,978506.432,4027
102.48195,24.35235,1620.33,978506.331,4028
102.48362,24.35085,1616.871,978506.226,4029
102.48464,24.34954,1618.484,978503.768,4030
102.48613,24.34861,1618.124,978502.074,4031
102.48742,24.34787,1617.423,978500.954,4032
102.48873,24.34714,1617.664,978500.098,4033
102.49051,24.34614,1618.167,978499.06,4034
102.49196,24.3453,1618.743,978498.274,4035
102.49363,24.34437,1619.948,978497.502,4036
102.4949,24.34358,1619.419,978496.896,4037
102.49665,24.34305,1619.686,978496.48,4038
102.49748,24.34142,1619.397,978496.356,4039
102.54176,24.41791,1644.784,978486.411,7101
102.54,24.41832,1644.719,978486.054,7102
102.53791,24.4188,1644.642,978485.687,7103
102.53555,24.41936,1644.644,978485.481,7104
102.53357,24.41978,1644.934,978485.47,7105
102.53163,24.42028,1645.07,978485.597,7106
102.52953,24.42077,1645.598,978486.067,7107
102.52732,24.42128,1646.493,978486.713,7108
102.52569,24.42167,1647.42,978487.112,7109
102.5241,24.42205,1650.497,978487.517,7110
102.52197,24.42246,1657.582,978487.933,7111
102.52012,24.42314,1659.938,978489.507,7112
102.51848,24.4237,1662.348,978490.593,7113
102.51662,24.42428,1665.368,978490.976,7114
102.46533,24.35773,1612.84,978508.282,4017
102.46472,24.3608,1611.801,978508.03,4016
102.46347,24.36208,1610.699,978508.578,4015
102.46174,24.36227,1610.443,978509.094,4014
102.46033,24.36359,1609.977,978509.069,4013
102.45874,24.36456,1610.023,978509.188,4012
102.45778,24.36585,1610.608,978509.231,4011
102.45598,24.36578,1608.863,978508.927,4010
102.45385,24.3666,1608.615,978508.458,4009
102.45003,24.36525,1606.346,978509.363,4007
102.44802,24.36391,1606.96,978507.867,4006
102.44605,24.36279,1607.513,978509.058,4005
102.44388,24.36319,1607.028,978508.736,4004
102.44207,24.36384,1606.817,978508.096,4003
102.44008,24.36387,1606.041,978508.872,4002
102.43781,24.36319,1606.554,978509.512,4001
102.54498,24.42297,1651.12,978486.547,7001
102.54133,24.42305,1650.394,978485.672,7003
102.53973,24.42344,1649.979,978485.431,7004
102.53833,24.42425,1649.945,978485.433,7005
102.53679,24.42472,1650.014,978485.295,7006
102.53402,24.42644,1650.357,978485.522,7008
102.53219,24.42734,1651.15,978485.949,7009
102.53064,24.42803,1652.044,978486.434,7010
102.5283,24.42963,1655.272,978487.437,7012
102.52697,24.42985,1661.867,978487.219,7013
102.52507,24.42974,1673.692,978486.339,7014
102.52266,24.43017,1685.373,978486.092,7015
102.52061,24.4307,1696.995,978485.446,7016
102.51867,24.43142,1707.555,978484.748,7017
102.54103,24.4241,1650.752,978485.594,87001
102.54153,24.42547,1651.483,978485.803,87002
102.53897,24.42557,1650.629,978485.517,87003
102.53962,24.427,1652.172,978485.51,87004
102.54032,24.42854,1653.442,978485.641,87005
102.54099,24.43,1654.554,978485.74,87006
102.54164,24.43142,1655.813,978485.763,87007
102.52905,24.43102,1656.393,978487.203,87009
102.53085,24.43361,1657.031,978486.962,87010
102.52995,24.43228,1657.774,978486.856,87011
102.53153,24.43491,1659.429,978486.652,87012
102.53202,24.43634,1659.925,978486.805,87013
102.53297,24.43764,1661.488,978486.56,87014
102.52984,24.435,1659.449,978487.277,87015
102.52831,24.43559,1661.609,978487.935,87016
102.52669,24.43623,1667.997,978488.032,87017
102.52502,24.43689,1676.696,978487.878,87018
102.52374,24.43565,1682.177,978487.158,87019
102.56902,24.4395,1676.861,978491.902,13001
102.56591,24.43759,1671.279,978491.261,13002
102.56473,24.43687,1669.802,978491.127,13003
102.56354,24.43572,1667.655,978491.079,13004
102.56181,24.43449,1664.537,978491.203,13005
102.55962,24.43376,1663.334,978490.775,13006
102.55726,24.43241,1659.713,978490.482,13007
102.5562,24.43084,1658.357,978490.2,13008
102.5534,24.43017,1657.346,978489.26,13009
102.55181,24.42858,1656.246,978488.658,13010
102.55013,24.4273,1654.907,978488.072,13011
102.54869,24.42568,1652.6,978487.83,13012
102.54764,24.42447,1651.617,978487.469,13013
102.54605,24.4231,1651.372,978486.818,13014
102.54595,24.42075,1648.89,978487.037,13015
102.54416,24.41952,1648.189,978486.416,13016
102.54263,24.41804,1646.83,978486.12,13017
102.54091,24.41643,1645.174,978485.98,13018
102.53999,24.41459,1643.673,978486.047,13019
102.53833,24.41317,1641.546,978486.134,13020
102.53635,24.4118,1640.636,978485.963,13021
102.53498,24.40985,1638.161,978486.229,13022
102.53339,24.40885,1637.718,978486.174,13023
102.53103,24.40634,1636.757,978486.402,13024
102.5304,24.40471,1635.966,978486.696,13025
102.52943,24.40323,1635.433,978486.906,13026
102.53443,24.40091,1633.418,978488.396,13027
102.53356,24.39909,1632.435,978488.755,13028
102.53281,24.3972,1631.745,978489.167,13029
102.53219,24.3951,1630.935,978489.517,13030
102.53186,24.39296,1630.228,978489.894,13031
102.53155,24.39115,1629.647,978490.171,13032
102.53127,24.38931,1629.026,978490.508,13033
102.53088,24.38686,1628.107,978490.885,13034
102.53047,24.38541,1627.536,978491.143,13035
102.53002,24.38396,1627.074,978491.335,13036
102.52936,24.38186,1626.266,978491.649,13037
102.52882,24.38013,1625.708,978491.935,13038
102.52813,24.37792,1625.854,978492.173,13039
102.52662,24.3759,1626.096,978492.159,13040
102.52542,24.37312,1623.329,978493.072,13041
102.52437,24.37126,1622.3,978493.454,13042
102.52296,24.36894,1623.806,978493.373,13043
102.52158,24.36665,1622.526,978493.965,13044
102.52025,24.36436,1622.682,978494.21,13045
102.51642,24.36238,1622.257,978493.962,13046
102.51545,24.36153,1622.408,978493.833,13047
102.51411,24.36035,1622.301,978493.758,13048
102.51241,24.35883,1620.327,978494.097,13049
102.51066,24.3573,1620.335,978494.166,13050
102.50907,24.3559,1620.121,978494.331,13051
102.50765,24.35464,1619.762,978494.553,13052
102.50596,24.3531,1620.614,978494.65,13053
102.50534,24.35174,1621.182,978494.755,13054
102.50455,24.35005,1620.966,978495.048,13055
102.50288,24.34831,1620.728,978495.145,13056
102.50126,24.34663,1620.505,978495.419,13057
102.49842,24.34528,1620.146,978495.866,13058
102.4974,24.34403,1619.696,978496.263,13059
102.49665,24.34304,1619.695,978496.491,13060
102.53244,24.32186,1656.486,978497.57,4060
102.5308,24.32173,1649.462,978499.047,4059
102.52924,24.32255,1641.939,978500.184,4058
102.52746,24.32355,1635.727,978501.488,4057
102.52558,24.32481,1631.869,978501.258,4056
102.52393,24.32581,1631.48,978500.685,4055
102.52215,24.32682,1630.773,978499.983,4054
102.52056,24.32782,1635.925,978497.751,4053
102.51853,24.32885,1635.692,978496.354,4052
102.51666,24.32982,1626.561,978497.441,4051
102.51489,24.3308,1628.022,978496.41,4050
102.51314,24.33181,1627.015,978496.796,4049
102.51137,24.33271,1622.259,978496.763,4048
102.50946,24.33377,1622.11,978496.392,4047
102.5077,24.33481,1619.676,978496.587,4046
102.50615,24.33569,1618.959,978496.507,4045
102.50414,24.33685,1619.101,978496.229,4044
102.5028,24.33764,1622.581,978496.079,4043
102.5013,24.33852,1622.048,978496.072,4042
102.4997,24.33933,1617.546,978496.141,4041
102.49663,24.33966,1619.56,978496.617,13061
102.49553,24.33767,1619.555,978496.925,13062
102.49281,24.33607,1619.92,978497.971,13063
102.49136,24.33471,1620.325,978498.717,13064
102.48561,24.32029,1630.086,978499.849,13071
102.48453,24.31787,1637.89,978499.207,13072
102.4839,24.31562,1640.612,978499.357,13073
102.48327,24.31338,1644.594,978499.336,13074
102.48257,24.31054,1650.817,978499.024,13075
102.48139,24.30855,1657.468,978498.33,13076
102.47971,24.30683,1666.894,978496.567,13077
102.48678,24.32249,1628.138,978499.976,13070
102.48802,24.32445,1625.84,978499.396,13069
102.48872,24.32627,1625.199,978498.887,13068
102.4898,24.32842,1621.583,978498.848,13067
102.49077,24.33047,1621.662,978498.406,13066
102.49158,24.33248,1620.733,978498.078,13065
102.49877,24.34782,1618.235,978496.002,9001
102.49768,24.34869,1618.267,978496.17,9002
102.49674,24.34946,1618.293,978496.262,9003
102.49543,24.35009,1617.918,978496.717,9004
102.49445,24.35041,1617.837,978497.039,9005
102.49293,24.35099,1617.412,978497.643,9006
102.49265,24.35234,1619.895,978497.296,9007
102.4916,24.35323,1621.594,978497.902,9008
102.49059,24.35418,1627.229,978497.574,9009
102.48928,24.35349,1629.874,978498.064,9010
102.48887,24.35475,1637.275,978496.843,9011
102.48788,24.35444,1644.358,978496.173,9012
102.48636,24.35477,1648.598,978496.681,9013
102.48513,24.35571,1663.596,978494.176,9014
102.4845,24.35704,1674.787,978491.841,9015
102.48081,24.35851,1662.346,978497.344,9017
102.53438,24.41485,1641.395,978485.552,87101
102.53197,24.41657,1642.801,978485.392,87102
102.53074,24.41579,1642.304,978485.461,87103
102.53131,24.41446,1641.241,978485.517,87104
102.53094,24.41331,1640.758,978485.55,87105
102.53037,24.41172,1639.548,978485.665,87106
102.52962,24.40955,1638.161,978485.934,87107
102.52749,24.40761,1636.561,978486.338,87108
102.52827,24.40975,1637.842,978486.019,87109
102.52904,24.41193,1639.307,978485.789,87110
102.52994,24.4143,1640.887,978485.659,87111
102.53073,24.4166,1642.399,978485.632,87112
102.52681,24.41917,1644.588,978486.504,87113
102.52621,24.41758,1643.577,978486.447,87114
102.52561,24.41604,1642.355,978486.472,87115
102.52503,24.41456,1641.596,978486.385,87116
102.52441,24.41318,1641.129,978486.47,87117
102.52379,24.4114,1639.949,978486.568,87118
102.5231,24.40978,1639.864,978486.437,87119
102.52118,24.41277,1648.491,978485.909,87120
102.52107,24.41422,1651.407,978485.957,87121
102.5219,24.41673,1651.602,978486.313,87122
102.52259,24.41876,1651.805,978486.691,87123
102.52165,24.42155,1654.861,978488.2,87124
102.52223,24.42288,1658.428,978487.921,87125
102.52297,24.42469,1665.848,978486.857,87126
102.52365,24.42645,1669.671,978486.574,87127
102.51033,24.38636,1633.1,978488.35,3041
102.51201,24.38522,1628.102,978488.996,3042
102.51337,24.38377,1627.086,978489.142,3043
102.51543,24.38328,1625.925,978489.507,3044
102.51696,24.3829,1625.896,978489.731,3045
102.51874,24.38246,1625.758,978490.053,3046
102.52063,24.38199,1625.594,978490.481,3047
102.5222,24.3816,1625.753,978490.722,3048
102.5241,24.38115,1627.729,978490.57,3049
102.52511,24.37957,1627.731,978490.936,3050
102.52598,24.37798,1626.912,978491.446,3051
102.52631,24.37699,1626.531,978491.721,3052
102.52662,24.37591,1626.078,978492.152,3053
102.52775,24.37402,1625.95,978492.791,3054
102.52838,24.37279,1625.813,978493.299,3055
102.54394,24.39046,1633.976,978493.1,8001
102.5425,24.39119,1633.145,978492.725,8002
102.5408,24.39193,1631.22,978492.4,8003
102.53917,24.39144,1630.526,978491.947,8004
102.53574,24.39323,1631.287,978490.555,8005
102.53435,24.39417,1631.221,978490.081,8006
102.53221,24.39509,1631.002,978489.523,8007
102.52997,24.39615,1630.666,978488.979,8008
102.52841,24.3971,1630.535,978488.647,8009
102.53935,24.38039,1628.582,978493.216,8010
102.53511,24.38375,1627.997,978492.056,8012
102.53307,24.38493,1628.33,978491.426,8013
102.5313,24.38635,1627.864,978491.01,8014
102.52989,24.38729,1628.332,978490.607,8015
102.53092,24.38904,1628.991,978490.471,8016
102.52946,24.39027,1628.784,978490.005,8017
102.52723,24.39163,1628.933,978489.493,8018
102.52531,24.39312,1629.181,978488.952,8019
102.52312,24.39442,1629.969,978488.439,8020
102.52096,24.39589,1630.748,978488.028,8021
102.51909,24.39716,1631.516,978487.886,8022
102.51719,24.39846,1632.122,978488.142,8023
102.51489,24.40001,1634.434,978488.709,8024
102.51307,24.39977,1638.316,978488.979,8025
102.51067,24.39947,1646.236,978488.979,8026
102.50836,24.39998,1649.573,978491.123,8027
102.5063,24.40017,1650.425,978492.445,8028
102.50599,24.40283,1661.84,978491.476,8029
102.50477,24.40393,1666.376,978491.648,8030
102.50308,24.40408,1675.694,978490.883,8031
102.50119,24.40375,1686.248,978489.804,8032
102.49967,24.40377,1699.082,978487.611,8033
102.4982,24.40437,1720.567,978483.394,8034
102.51352,24.39217,1629.673,978489.189,8035
102.51446,24.3917,1627.915,978489.198,8036
102.51638,24.39091,1627.187,978489.067,8037
102.51191,24.38801,1629.055,978489.068,8038
102.51342,24.38789,1627.082,978489.306,8039
102.51461,24.3879,1626.348,978489.365,8040
102.51614,24.38782,1625.951,978489.399,8041
102.51666,24.38948,1626.143,978489.27,8042
102.51773,24.38748,1625.688,978489.512,8043
102.51889,24.3871,1626.544,978489.47,8044
102.52027,24.38667,1628.218,978489.292,8045
102.52066,24.38785,1629.024,978488.982,8046
102.52103,24.38556,1628.897,978489.4,8047
102.52257,24.38326,1628.209,978489.983,8048
102.52364,24.38181,1627.965,978490.41,8049
102.52481,24.38575,1627.521,978490.144,8050
102.52604,24.38498,1627.183,978490.506,8051
102.52762,24.38387,1627.25,978490.839,8052
102.56535,24.38744,1641.373,978498.282,12001
102.56524,24.38493,1640.896,978498.453,12002
102.56514,24.38288,1638.226,978498.987,12003
102.56503,24.38064,1635.363,978499.473,12004
102.56492,24.37853,1634.314,978499.694,12005
102.56477,24.37638,1635.497,978499.314,12006
102.56461,24.37424,1635.225,978499.862,12007
102.56457,24.37204,1634.928,978500.103,12008
102.56445,24.36999,1635.186,978500.133,12009
102.56436,24.36776,1636.857,978500.198,12010
102.56463,24.36562,1647.7,978498.465,12011
102.56634,24.36655,1647.668,978498.481,12000
102.56263,24.36438,1646.806,978499.371,12012
102.56117,24.3632,1644.19,978500.433,12013
102.55924,24.3618,1642.999,978500.552,12014
102.55759,24.36048,1640.091,978500.82,12015
102.556,24.35935,1638.113,978500.362,12016
102.55407,24.35799,1636.857,978499.346,12017
102.55251,24.35692,1637.225,978498.818,12018
102.5507,24.35553,1637.96,978498.379,12019
102.54865,24.35392,1638.549,978497.991,12020
102.54589,24.35078,1637.941,978498.945,12022
102.544,24.34905,1637.977,978499.423,12023
102.54282,24.34749,1639.56,978499.175,12024
102.54081,24.34568,1639.126,978498.832,12025
102.53921,24.34415,1637.648,978499.206,12026
102.53791,24.34257,1637.062,978500.159,12027
102.53608,24.34078,1635.539,978502.215,12028
102.53455,24.3391,1633.749,978501.601,12029
102.53286,24.33738,1631.409,978500.645,12030
102.53144,24.33594,1630.012,978500.059,12031
102.52979,24.33418,1627.445,978499.964,12032
102.52817,24.3328,1627.901,978499.253,12033
102.52695,24.33116,1628.324,978499.041,12034
102.5259,24.32893,1628.769,978499.812,12035
102.52503,24.32686,1629.763,978500.973,12036
102.52393,24.32581,1631.48,978500.687,12037
102.52277,24.32301,1633.183,978499.812,12038
102.52135,24.32092,1634.697,978500.027,12039
102.52475,24.37502,1624.226,978492.299,9101
102.5233,24.37484,1623.81,978492.245,9102
102.52163,24.37594,1623.75,978491.81,9103
102.52079,24.37653,1623.995,978491.566,9104
102.51976,24.37752,1623.869,978491.319,9105
102.51713,24.37807,1623.772,978490.899,9106
102.51606,24.37863,1623.908,978490.613,9107
102.51482,24.37914,1623.291,978490.477,9108
102.51354,24.37967,1623.65,978490.192,9109
102.51178,24.38039,1624.494,978489.887,9110
102.51078,24.38075,1627.096,978489.375,9111
102.50911,24.37975,1649.075,978484.917,9112
102.50751,24.38015,1653.86,978484.204,9113
102.50492,24.3804,1641.168,978487.604,9114
102.50376,24.38068,1642.732,978487.989,9115
102.50242,24.381,1648.647,978487.807,9116
102.50112,24.38191,1660.414,978487.279,9117
102.49899,24.38344,1665.915,978490.154,9118
102.49742,24.38391,1666.67,978492.304,9119
102.496,24.38505,1680.088,978490.994,9120
102.49444,24.38561,1690.1,978489.847,9121
102.49211,24.38538,1699.639,978488.352,9122
102.49049,24.38541,1711.211,978485.912,9123
102.48907,24.38452,1720.276,978484.05,9124
102.48706,24.38452,1736.341,978481.327,9125
102.48549,24.38515,1749.437,978478.958,9126
102.48442,24.38635,1753.726,978478.47,9127
102.48322,24.38779,1765.789,978476.574,9128
102.48254,24.38881,1776.632,978474.308,9129
102.50888,24.37408,1628.967,978489.685,9130
102.51019,24.37324,1626.077,978490.398,9131
102.51174,24.37227,1624.401,978490.955,9132
102.51297,24.37158,1623.718,978491.318,9133
102.5143,24.37092,1623.227,978491.643,9134
102.51564,24.37003,1622.935,978492.083,9135
102.51699,24.36913,1622.642,978492.544,9136
102.51853,24.36883,1622.381,978492.93,9137
102.51995,24.36788,1622.366,978493.382,9138
102.52878,24.3719,1625.269,978493.778,3056
102.52976,24.37063,1625.298,978494.413,3057
102.53043,24.36907,1625.773,978495.002,3058
102.53123,24.36721,1625.545,978495.794,3059
102.53267,24.36577,1623.642,978496.965,3060
102.53423,24.3648,1623.409,978497.561,3061
102.53619,24.36288,1623.724,978498.227,3062
102.53774,24.36178,1624.191,978498.581,3063
102.5401,24.3597,1627.01,978499.251,3064
102.54258,24.35769,1631.559,978498.091,3065
102.54362,24.35698,1632.409,978498.16,3066
102.54535,24.35515,1634.358,978498.758,3067
102.54707,24.3539,1637.274,978498.3,3068
102.54904,24.35235,1639.999,978497.872,3069
102.55044,24.35108,1644.008,978497.532,3070
102.55274,24.34943,1649.909,978498.133,3071
102.55513,24.34861,1659.459,978497.879,3072
102.52501,24.3371,1625.152,978499.862,9018
102.52364,24.33769,1622.954,978499.813,9019
102.52256,24.33857,1622.044,978499.803,9020
102.52139,24.33957,1621.095,978499.885,9021
102.52008,24.34068,1619.957,978500.183,9022
102.51878,24.34169,1619.293,978500.18,9023
102.51758,24.34262,1619.086,978499.836,9024
102.51642,24.34353,1618.898,978499.278,9025
102.51526,24.3444,1618.736,978498.848,9026
102.52682,24.34141,1625.031,978502.477,9027
102.52555,24.34253,1624.572,978501.686,9028
102.52456,24.34336,1622.995,978501.217,9029
102.5234,24.3442,1621.265,978500.73,9030
102.52227,24.34527,1620.083,978500.063,9031
102.52086,24.34626,1619.3,978499.428,9032
102.51963,24.3473,1618.892,978498.915,9033
102.51844,24.34834,1618.844,978498.461,9034
102.51724,24.34932,1618.98,978498.003,9035
102.51537,24.35061,1619.632,978497.22,9036
102.51406,24.35198,1619.753,978496.503,9037
102.51266,24.35286,1619.984,978495.848,9038
102.51157,24.35399,1621.542,978494.952,9039
102.50679,24.35157,1619.963,978495.176,9040
102.50806,24.3506,1619.367,978495.718,9041
102.5093,24.34964,1619.079,978496.277,9042
102.51054,24.34871,1618.875,978496.821,9043
102.51171,24.34751,1618.693,978497.496,9044
102.50466,24.35213,1619.162,978495.046,9045
102.50353,24.35326,1618.664,978494.846,9046
102.50243,24.35437,1618.227,978494.785,9047
102.50117,24.35552,1618.275,978494.787,9048
102.49976,24.35678,1618.484,978494.82,9049
102.50902,24.35424,1620.352,978494.715,9050
102.5078,24.35535,1619.063,978494.526,9051
102.50636,24.35693,1618.947,978494.107,9052
102.5044,24.35782,1618.159,978494.094,9053
102.50258,24.35879,1619.366,978493.914,9054
102.50094,24.36004,1621.097,978493.575,9055
102.49943,24.36143,1624.313,978493.052,9056
102.49841,24.36324,1631.296,978491.765,9057
102.49633,24.36393,1634.516,978492.026,9058
102.49507,24.36537,1645.135,978490.535,9059
102.49307,24.36647,1666.316,978487.415,9060
102.49074,24.36746,1685.036,978485.196,9061
102.48922,24.3691,1694.535,978484.341,9062
102.48714,24.37016,1706.476,978483.161,9063
102.48542,24.37137,1716.812,978482.135,9064
102.48334,24.3715,1719.842,978482.407,9065
102.50767,24.36113,1619.226,978493.399,9066
102.50917,24.36011,1619.285,978493.626,9067
102.51058,24.35887,1619.187,978493.976,9068
102.5128,24.35713,1621.42,978494.33,9069
102.51453,24.35608,1620.318,978495.158,9070
102.51598,24.35496,1619.881,978495.828,9071
102.5177,24.35372,1619.601,978496.625,9072
102.51935,24.35247,1618.816,978497.408,9073
102.52061,24.35139,1618.586,978498.085,9074
102.5218,24.3503,1618.984,978498.632,9075
102.47305,24.39225,1780.894,978474.852,9201
102.47545,24.39115,1787.726,978473.763,9202
102.47512,24.38811,1758.952,978478.933,9203
102.476,24.38601,1750.127,978480.597,9204
102.4775,24.38434,1750.205,978480.492,9205
102.47999,24.38283,1752.815,978479.344,9206
102.48211,24.38178,1750.211,978479.742,9207
102.48357,24.38031,1743.742,978480.852,9208
102.48645,24.37911,1725.08,978482.989,9209
102.48871,24.37893,1716.559,978483.465,9210
102.49043,24.37775,1706.503,978484.72,9211
102.49269,24.37697,1690.721,978486.947,9212
102.49477,24.37595,1676.763,978487.997,9213
102.49777,24.37408,1661.984,978486.688,9214
102.49891,24.37189,1644.947,978488.706,9215
102.50083,24.37097,1638.794,978488.875,9216
102.50281,24.36986,1637.035,978488.77,9217
102.50452,24.3695,1634.703,978489.071,9218
102.50638,24.36907,1625.064,978491.161,9219
102.50805,24.36878,1620.973,978491.976,9220
102.50955,24.36806,1620.913,978492.099,9221
102.51119,24.36831,1620.993,978492.218,9222
102.51298,24.36805,1621.212,978492.423,9223
102.51462,24.36749,1621.774,978492.713,9224
102.51622,24.36671,1622.314,978492.965,9225
102.51754,24.36563,1622.313,978493.453,9226
102.51882,24.36479,1622.413,978493.89,9227
102.52004,24.36351,1622.643,978494.367,9228
102.52104,24.36266,1623.237,978494.648,9229
102.52222,24.36195,1623.076,978495.099,9230
102.52341,24.36108,1622.484,978495.626,9231
102.52444,24.3601,1622.455,978496.136,9232
102.52505,24.35968,1622.436,978496.384,9233
