Line,Point,latitude,longitude,elevation,gravity_val
2,2002,24.42824,102.48018,2067.712,978418.453
2,2003,24.42745,102.48153,2067.1,978418.08
2,2004,24.42756,102.48304,2074.524,978416.543
2,2005,24.42697,102.48446,2081.817,978414.533
2,2006,24.4278,102.48618,2088.625,978413.222
2,2007,24.4267,102.48756,2095.781,978410.926
2,2008,24.42751,102.48936,2108.019,978408.472
2,2009,24.42945,102.49068,2137.625,978402.387
2,2010,24.43117,102.4914,2144.911,978401.289
2,2011,24.43166,102.49398,2125.456,978404.942
2,2012,24.43183,102.49546,2096.462,978411.081
2,2013,24.4299,102.4962,2078.394,978413.978
2,2014,24.42941,102.4978,2062.109,978417.16
2,2015,24.42645,102.49762,2002.729,978429.61
2,2016,24.42381,102.49689,1970.021,978436.011
2,2017,24.42049,102.49738,1945.557,978440.735
2,2018,24.41963,102.49887,1926.843,978443.61
2,2019,24.41928,102.50027,1904.199,978447.653
2,2020,24.41844,102.5017,1884.896,978450.984
2,2021,24.41777,102.50429,1856.415,978454.696
2,2022,24.41722,102.50421,1838.177,978458.663
2,2023,24.41774,102.50654,1764.087,978473.669
2,2024,24.41444,102.50499,1698.948,978486.942
2,2025,24.41162,102.50633,1677.214,978490.792
2,2026,24.41096,102.50751,1667.412,978492.059
2,2027,24.40963,102.50866,1657.04,978492.763
2,2028,24.40918,102.51023,1650.289,978492.494
2,2029,24.40746,102.5109,1651.261,978490.854
1,1001,24.4429,102.52604,1685.843,978487.315
1,1002,24.4419,102.52775,1674.709,978487.961
1,1003,24.4405,102.52868,1674.607,978486.827
1,1004,24.44003,102.53021,1668.105,978486.897
1,1005,24.43918,102.53196,1663.662,978487.033
1,1006,24.43876,102.53343,1661.456,978486.798
1,1007,24.43812,102.53486,1659.767,978486.59
1,1008,24.43749,102.53647,1659.956,978486.064
1,1009,24.43684,102.53801,1661.283,978485.483
1,1010,24.43622,102.53947,1661.163,978485.322
1,1011,24.43559,102.54092,1660.8,978485.371
1,1012,24.43511,102.54246,1660.089,978485.7
1,1013,24.4343,102.54382,1659.449,978485.908
1,1014,24.43376,102.54495,1659.061,978486.28
1,1015,24.43316,102.54652,1658.794,978486.71
1,1016,24.43223,102.54835,1658.169,978487.439
1,1017,24.43126,102.55019,1660.279,978487.52
1,1018,24.4286,102.55568,1655.209,978487.881
1,1019,24.42774,102.55702,1657.338,978488.993
1,1020,24.42644,102.55856,1660.12,978489.244
1,1021,24.4256,102.55944,1656.491,978490.099
1,1022,24.42414,102.56089,1656.271,978490.564
1,1023,24.42339,102.56152,1656.06,978490.869
1,1024,24.42224,102.56291,1656.017,978491.003
1,1025,24.4217,102.56459,1655.693,978491.28
1,1026,24.42112,102.56603,1656.067,978491.219
1,1027,24.42039,102.56759,1657.609,978491.146
1,1028,24.41983,102.56906,1655.385,978491.925
1,1029,24.41922,102.57067,1655.734,978492.129
1,1030,24.41861,102.5722,1655.37,978492.399
1,1031,24.41815,102.57334,1655.631,978492.684
1,1032,24.41748,102.57497,1656.231,978492.866
1,1033,24.43019,102.5534,1657.029,978492.942
1,1034,24.43026,102.55286,1657.811,978492.973
1,1035,24.43094,102.55116,1664.209,978492.423
11,11022,24.39352,102.54524,1636.605,978493.075
11,11021,24.39563,102.54626,1638.427,978492.683
11,11020,24.3972,102.54629,1639.613,978491.894
11,11019,24.3981,102.54774,1645.41,978490.721
11,11018,24.40109,102.54904,1641.576,978490.714
11,11017,24.40353,102.54873,1639.943,978490.189
11,11016,24.4055,102.54971,1640.791,978490.046
11,11015,24.40695,102.55121,1641.972,978490.211
11,11014,24.40661,102.55165,1641.977,978490.413
11,11013,24.408,102.55281,1642.851,978490.553
11,11012,24.4093,102.55383,1643.452,978490.697
11,11011,24.41093,102.55477,1644.368,978490.784
11,11010,24.41165,102.55405,1644.23,978490.526
11,11009,24.41362,102.55524,1646.683,978490.37
11,11008,24.41455,102.55626,1647.445,978490.588
11,11007,24.41607,102.55745,1648.706,978490.791
11,11006,24.41745,102.5589,1651.55,978490.822
11,11005,24.41877,102.56019,1654.236,978490.73
11,11004,24.42066,102.56117,1658.179,978490.316
11,11003,24.42233,102.56235,1660.099,978490.443
11,11002,24.42422,102.56337,1660.827,978490.868
11,11001,24.42622,102.56443,1662.229,978491.215
2,2030,24.40713,102.51157,1651.235,978490.13
2,2031,24.40603,102.51419,1653.947,978486.871
2,2032,24.40603,102.51554,1655.05,978485.682
2,2033,24.40544,102.51668,1648.34,978486.028
2,2034,24.40614,102.52072,1637.109,978487.1
2,2035,24.40527,102.52214,1635.537,978487.033
2,2036,24.40729,102.52281,1635.97,978486.972
2,2037,24.40641,102.52419,1635.729,978486.714
2,2038,24.40566,102.52538,1635.671,978486.601
2,2039,24.40478,102.52678,1635.246,978486.665
2,2040,24.40407,102.52803,1635.399,978486.784
2,2041,24.40315,102.52966,1635.333,978486.977
2,2042,24.4024,102.53107,1634.374,978487.428
2,2043,24.40166,102.53275,1633.626,978487.885
2,2044,24.40094,102.53435,1634.362,978488.357
2,2045,24.40022,102.53602,1633.769,978488.84
2,2046,24.39951,102.53794,1638.915,978488.327
2,2047,24.39837,102.54057,1637.038,978489.788
2,2048,24.39796,102.54161,1639.077,978489.85
2,2049,24.39743,102.54306,1640.06,978490.329
2,2050,24.39694,102.54465,1639.597,978491.242
2,2051,24.39623,102.54669,1639.081,978492.579
2,2052,24.39578,102.54816,1639.028,978493.317
2,2053,24.39524,102.54959,1639.05,978493.955
2,2054,24.39462,102.55147,1638.681,978494.786
2,2055,24.39402,102.55329,1637.808,978495.533
2,2056,24.39347,102.55491,1637.127,978496.335
2,2057,24.3929,102.55665,1636.627,978497.256
2,2058,24.39232,102.55841,1636.478,978498.026
2,2059,24.39179,102.56002,1636.509,978498.315
2,2060,24.39117,102.56185,1637.359,978498.633
2,2061,24.39058,102.56366,1638.499,978499.046
2,2062,24.38971,102.56505,1639.388,978499.102
2,2063,24.38721,102.56536,1641.603,978498.301
2,2064,24.38684,102.56833,1651.845,978497.003
2,2065,24.38646,102.57005,1651.111,978497.527
2,2066,24.38637,102.5724,1656.318,978496.518
2,2067,24.38585,102.57456,1661.257,978495.783
2,2068,24.38569,102.57667,1665.342,978495.784
3,3001,24.4084,102.45444,1797.764,978472.684
3,3002,24.40737,102.45595,1783.683,978474.925
3,3003,24.40638,102.45683,1775.236,978476.729
3,3004,24.40566,102.4582,1780.374,978475.495
3,3005,24.40536,102.45982,1791.32,978473.308
3,3006,24.40657,102.46185,1801.444,978470.731
3,3007,24.40437,102.46291,1813.772,978469.84
3,3008,24.40338,102.46419,1806.07,978471.112
3,3009,24.40273,102.46516,1802.998,978471.78
3,3010,24.40257,102.46599,1802.214,978472.25
3,3011,24.40477,102.46924,1802.262,978473.44
3,3012,24.40286,102.47019,1782.808,978475.157
3,3013,24.40183,102.47136,1779.702,978475.765
3,3014,24.40155,102.47259,1776.987,978475.835
3,3015,24.4013,102.47415,1773.103,978476.067
3,3016,24.40083,102.47583,1777.576,978474.827
3,3017,24.40225,102.47841,1803.775,978470.253
3,3018,24.40122,102.47953,1811.8,978468.424
3,3019,24.39983,102.4804,1822.755,978465.82
3,3020,24.39977,102.48174,1823.599,978465.013
3,3021,24.39878,102.48309,1816.996,978466.473
3,3022,24.39834,102.48465,1809.833,978467.963
3,3023,24.39705,102.48597,1776.881,978469.761
3,30231,24.39426,102.48462,1799.13,978474.751
3,3024,24.39341,102.4858,1769.047,978476.114
3,3025,24.39305,102.4876,1762.612,978477.012
3,3026,24.39294,102.48905,1761.827,978476.543
3,3027,24.39228,102.4903,1755.383,978477.912
3,3028,24.39158,102.49156,1738.436,978480.925
3,3029,24.39128,102.49305,1734.29,978481.113
3,3030,24.39112,102.49453,1727.425,978482.424
3,3031,24.39223,102.49653,1706.07,978486.669
3,3032,24.39102,102.4981,1696.712,978487.723
3,3033,24.39041,102.49929,1688.907,978488.832
3,3034,24.38946,102.50051,1682.458,978488.75
3,3035,24.38848,102.50166,1675.719,978488.24
3,3036,24.3874,102.50294,1670.708,978486.744
3,3037,24.38675,102.50418,1662.547,978486.303
3,3038,24.38752,102.50597,1653.44,978486.793
3,3039,24.38734,102.5077,1643.827,978487.403
3,3040,24.38683,102.50895,1637.342,978487.97
4,4018,24.35616,102.46611,1614.095,978508.302
4,4019,24.3546,102.46699,1614.587,978508.44
4,4020,24.35537,102.4688,1614.817,978508.447
4,4021,24.35645,102.47058,1615.649,978507.239
4,4022,24.35636,102.47326,1616.259,978507.689
4,4023,24.35746,102.47647,1620.523,978506.209
4,4024,24.35533,102.47665,1616.289,978507.61
4,4025,24.35458,102.47792,1617.925,978507.047
4,4026,24.35424,102.47958,1620.064,978506.462
4,4027,24.35217,102.48069,1621.529,978506.432
4,4028,24.35235,102.48195,1620.33,978506.331
4,4029,24.35085,102.48362,1616.871,978506.226
4,4030,24.34954,102.48464,1618.484,978503.768
4,4031,24.34861,102.48613,1618.124,978502.074
4,4032,24.34787,102.48742,1617.423,978500.954
4,4033,24.34714,102.48873,1617.664,978500.098
4,4034,24.34614,102.49051,1618.167,978499.06
4,4035,24.3453,102.49196,1618.743,978498.274
4,4036,24.34437,102.49363,1619.948,978497.502
4,4037,24.34358,102.4949,1619.419,978496.896
4,4038,24.34305,102.49665,1619.686,978496.48
4,4039,24.34142,102.49748,1619.397,978496.356
71,7101,24.41791,102.54176,1644.784,978486.411
71,7102,24.41832,102.54,1644.719,978486.054
71,7103,24.4188,102.53791,1644.642,978485.687
71,7104,24.41936,102.53555,1644.644,978485.481
71,7105,24.41978,102.53357,1644.934,978485.47
71,7106,24.42028,102.53163,1645.07,978485.597
71,7107,24.42077,102.52953,1645.598,978486.067
71,7108,24.42128,102.52732,1646.493,978486.713
71,7109,24.42167,102.52569,1647.42,978487.112
71,7110,24.42205,102.5241,1650.497,978487.517
71,7111,24.42246,102.52197,1657.582,978487.933
71,7112,24.42314,102.52012,1659.938,978489.507
71,7113,24.4237,102.51848,1662.348,978490.593
71,7114,24.42428,102.51662,1665.368,978490.976
4,4017,24.35773,102.46533,1612.84,978508.282
4,4016,24.3608,102.46472,1611.801,978508.03
4,4015,24.36208,102.46347,1610.699,978508.578
4,4014,24.36227,102.46174,1610.443,978509.094
4,4013,24.36359,102.46033,1609.977,978509.069
4,4012,24.36456,102.45874,1610.023,978509.188
4,4011,24.36585,102.45778,1610.608,978509.231
4,4010,24.36578,102.45598,1608.863,978508.927
4,4009,24.3666,102.45385,1608.615,978508.458
4,4007,24.36525,102.45003,1606.346,978509.363
4,4006,24.36391,102.44802,1606.96,978507.867
4,4005,24.36279,102.44605,1607.513,978509.058
4,4004,24.36319,102.44388,1607.028,978508.736
4,4003,24.36384,102.44207,1606.817,978508.096
4,4002,24.36387,102.44008,1606.041,978508.872
4,4001,24.36319,102.43781,1606.554,978509.512
7,7001,24.42297,102.54498,1651.12,978486.547
7,7003,24.42305,102.54133,1650.394,978485.672
7,7004,24.42344,102.53973,1649.979,978485.431
7,7005,24.42425,102.53833,1649.945,978485.433
7,7006,24.42472,102.53679,1650.014,978485.295
7,7008,24.42644,102.53402,1650.357,978485.522
7,7009,24.42734,102.53219,1651.15,978485.949
7,7010,24.42803,102.53064,1652.044,978486.434
7,7012,24.42963,102.5283,1655.272,978487.437
7,7013,24.42985,102.52697,1661.867,978487.219
7,7014,24.42974,102.52507,1673.692,978486.339
7,7015,24.43017,102.52266,1685.373,978486.092
7,7016,24.4307,102.52061,1696.995,978485.446
7,7017,24.43142,102.51867,1707.555,978484.748
87,87001,24.4241,102.54103,1650.752,978485.594
87,87002,24.42547,102.54153,1651.483,978485.803
87,87003,24.42557,102.53897,1650.629,978485.517
87,87004,24.427,102.53962,1652.172,978485.51
87,87005,24.42854,102.54032,1653.442,978485.641
87,87006,24.43,102.54099,1654.554,978485.74
87,87007,24.43142,102.54164,1655.813,978485.763
87,87009,24.43102,102.52905,1656.393,978487.203
87,87010,24.43361,102.53085,1657.031,978486.962
87,87011,24.43228,102.52995,1657.774,978486.856
87,87012,24.43491,102.53153,1659.429,978486.652
87,87013,24.43634,102.53202,1659.925,978486.805
87,87014,24.43764,102.53297,1661.488,978486.56
87,87015,24.435,102.52984,1659.449,978487.277
87,87016,24.43559,102.52831,1661.609,978487.935
87,87017,24.43623,102.52669,1667.997,978488.032
87,87018,24.43689,102.52502,1676.696,978487.878
87,87019,24.43565,102.52374,1682.177,978487.158
13,13001,24.4395,102.56902,1676.861,978491.902
13,13002,24.43759,102.56591,1671.279,978491.261
13,13003,24.43687,102.56473,1669.802,978491.127
13,13004,24.43572,102.56354,1667.655,978491.079
13,13005,24.43449,102.56181,1664.537,978491.203
13,13006,24.43376,102.55962,1663.334,978490.775
13,13007,24.43241,102.55726,1659.713,978490.482
13,13008,24.43084,102.5562,1658.357,978490.2
13,13009,24.43017,102.5534,1657.346,978489.26
13,13010,24.42858,102.55181,1656.246,978488.658
13,13011,24.4273,102.55013,1654.907,978488.072
13,13012,24.42568,102.54869,1652.6,978487.83
13,13013,24.42447,102.54764,1651.617,978487.469
13,13014,24.4231,102.54605,1651.372,978486.818
13,13015,24.42075,102.54595,1648.89,978487.037
13,13016,24.41952,102.54416,1648.189,978486.416
13,13017,24.41804,102.54263,1646.83,978486.12
13,13018,24.41643,102.54091,1645.174,978485.98
13,13019,24.41459,102.53999,1643.673,978486.047
13,13020,24.41317,102.53833,1641.546,978486.134
13,13021,24.4118,102.53635,1640.636,978485.963
13,13022,24.40985,102.53498,1638.161,978486.229
13,13023,24.40885,102.53339,1637.718,978486.174
13,13024,24.40634,102.53103,1636.757,978486.402
13,13025,24.40471,102.5304,1635.966,978486.696
13,13026,24.40323,102.52943,1635.433,978486.906
13,13027,24.40091,102.53443,1633.418,978488.396
13,13028,24.39909,102.53356,1632.435,978488.755
13,13029,24.3972,102.53281,1631.745,978489.167
13,13030,24.3951,102.53219,1630.935,978489.517
13,13031,24.39296,102.53186,1630.228,978489.894
13,13032,24.39115,102.53155,1629.647,978490.171
13,13033,24.38931,102.53127,1629.026,978490.508
13,13034,24.38686,102.53088,1628.107,978490.885
13,13035,24.38541,102.53047,1627.536,978491.143
13,13036,24.38396,102.53002,1627.074,978491.335
13,13037,24.38186,102.52936,1626.266,978491.649
13,13038,24.38013,102.52882,1625.708,978491.935
13,13039,24.37792,102.52813,1625.854,978492.173
13,13040,24.3759,102.52662,1626.096,978492.159
13,13041,24.37312,102.52542,1623.329,978493.072
13,13042,24.37126,102.52437,1622.3,978493.454
13,13043,24.36894,102.52296,1623.806,978493.373
13,13044,24.36665,102.52158,1622.526,978493.965
13,13045,24.36436,102.52025,1622.682,978494.21
13,13046,24.36238,102.51642,1622.257,978493.962
13,13047,24.36153,102.51545,1622.408,978493.833
13,13048,24.36035,102.51411,1622.301,978493.758
13,13049,24.35883,102.51241,1620.327,978494.097
13,13050,24.3573,102.51066,1620.335,978494.166
13,13051,24.3559,102.50907,1620.121,978494.331
13,13052,24.35464,102.50765,1619.762,978494.553
13,13053,24.3531,102.50596,1620.614,978494.65
13,13054,24.35174,102.50534,1621.182,978494.755
13,13055,24.35005,102.50455,1620.966,978495.048
13,13056,24.34831,102.50288,1620.728,978495.145
13,13057,24.34663,102.50126,1620.505,978495.419
13,13058,24.34528,102.49842,1620.146,978495.866
13,13059,24.34403,102.4974,1619.696,978496.263
13,13060,24.34304,102.49665,1619.695,978496.491
4,4060,24.32186,102.53244,1656.486,978497.57
4,4059,24.32173,102.5308,1649.462,978499.047
4,4058,24.32255,102.52924,1641.939,978500.184
4,4057,24.32355,102.52746,1635.727,978501.488
4,4056,24.32481,102.52558,1631.869,978501.258
4,4055,24.32581,102.52393,1631.48,978500.685
4,4054,24.32682,102.52215,1630.773,978499.983
4,4053,24.32782,102.52056,1635.925,978497.751
4,4052,24.32885,102.51853,1635.692,978496.354
4,4051,24.32982,102.51666,1626.561,978497.441
4,4050,24.3308,102.51489,1628.022,978496.41
4,4049,24.33181,102.51314,1627.015,978496.796
4,4048,24.33271,102.51137,1622.259,978496.763
4,4047,24.33377,102.50946,1622.11,978496.392
4,4046,24.33481,102.5077,1619.676,978496.587
4,4045,24.33569,102.50615,1618.959,978496.507
4,4044,24.33685,102.50414,1619.101,978496.229
4,4043,24.33764,102.5028,1622.581,978496.079
4,4042,24.33852,102.5013,1622.048,978496.072
4,4041,24.33933,102.4997,1617.546,978496.141
13,13061,24.33966,102.49663,1619.56,978496.617
13,13062,24.33767,102.49553,1619.555,978496.925
13,13063,24.33607,102.49281,1619.92,978497.971
13,13064,24.33471,102.49136,1620.325,978498.717
13,13071,24.32029,102.48561,1630.086,978499.849
13,13072,24.31787,102.48453,1637.89,978499.207
13,13073,24.31562,102.4839,1640.612,978499.357
13,13074,24.31338,102.48327,1644.594,978499.336
13,13075,24.31054,102.48257,1650.817,978499.024
13,13076,24.30855,102.48139,1657.468,978498.33
13,13077,24.30683,102.47971,1666.894,978496.567
13,13070,24.32249,102.48678,1628.138,978499.976
13,13069,24.32445,102.48802,1625.84,978499.396
13,13068,24.32627,102.48872,1625.199,978498.887
13,13067,24.32842,102.4898,1621.583,978498.848
13,13066,24.33047,102.49077,1621.662,978498.406
13,13065,24.33248,102.49158,1620.733,978498.078
9,9001,24.34782,102.49877,1618.235,978496.002
9,9002,24.34869,102.49768,1618.267,978496.17
9,9003,24.34946,102.49674,1618.293,978496.262
9,9004,24.35009,102.49543,1617.918,978496.717
9,9005,24.35041,102.49445,1617.837,978497.039
9,9006,24.35099,102.49293,1617.412,978497.643
9,9007,24.35234,102.49265,1619.895,978497.296
9,9008,24.35323,102.4916,1621.594,978497.902
9,9009,24.35418,102.49059,1627.229,978497.574
9,9010,24.35349,102.48928,1629.874,978498.064
9,9011,24.35475,102.48887,1637.275,978496.843
9,9012,24.35444,102.48788,1644.358,978496.173
9,9013,24.35477,102.48636,1648.598,978496.681
9,9014,24.35571,102.48513,1663.596,978494.176
9,9015,24.35704,102.4845,1674.787,978491.841
9,9017,24.35851,102.48081,1662.346,978497.344
871,87101,24.41485,102.53438,1641.395,978485.552
871,87102,24.41657,102.53197,1642.801,978485.392
871,87103,24.41579,102.53074,1642.304,978485.461
871,87104,24.41446,102.53131,1641.241,978485.517
871,87105,24.41331,102.53094,1640.758,978485.55
871,87106,24.41172,102.53037,1639.548,978485.665
871,87107,24.40955,102.52962,1638.161,978485.934
871,87108,24.40761,102.52749,1636.561,978486.338
871,87109,24.40975,102.52827,1637.842,978486.019
871,87110,24.41193,102.52904,1639.307,978485.789
871,87111,24.4143,102.52994,1640.887,978485.659
871,87112,24.4166,102.53073,1642.399,978485.632
871,87113,24.41917,102.52681,1644.588,978486.504
871,87114,24.41758,102.52621,1643.577,978486.447
871,87115,24.41604,102.52561,1642.355,978486.472
871,87116,24.41456,102.52503,1641.596,978486.385
871,87117,24.41318,102.52441,1641.129,978486.47
871,87118,24.4114,102.52379,1639.949,978486.568
871,87119,24.40978,102.5231,1639.864,978486.437
871,87120,24.41277,102.52118,1648.491,978485.909
871,87121,24.41422,102.52107,1651.407,978485.957
871,87122,24.41673,102.5219,1651.602,978486.313
871,87123,24.41876,102.52259,1651.805,978486.691
871,87124,24.42155,102.52165,1654.861,978488.2
871,87125,24.42288,102.52223,1658.428,978487.921
871,87126,24.42469,102.52297,1665.848,978486.857
871,87127,24.42645,102.52365,1669.671,978486.574
3,3041,24.38636,102.51033,1633.1,978488.35
3,3042,24.38522,102.51201,1628.102,978488.996
3,3043,24.38377,102.51337,1627.086,978489.142
3,3044,24.38328,102.51543,1625.925,978489.507
3,3045,24.3829,102.51696,1625.896,978489.731
3,3046,24.38246,102.51874,1625.758,978490.053
3,3047,24.38199,102.52063,1625.594,978490.481
3,3048,24.3816,102.5222,1625.753,978490.722
3,3049,24.38115,102.5241,1627.729,978490.57
3,3050,24.37957,102.52511,1627.731,978490.936
3,3051,24.37798,102.52598,1626.912,978491.446
3,3052,24.37699,102.52631,1626.531,978491.721
3,3053,24.37591,102.52662,1626.078,978492.152
3,3054,24.37402,102.52775,1625.95,978492.791
3,3055,24.37279,102.52838,1625.813,978493.299
8,8001,24.39046,102.54394,1633.976,978493.1
8,8002,24.39119,102.5425,1633.145,978492.725
8,8003,24.39193,102.5408,1631.22,978492.4
8,8004,24.39144,102.53917,1630.526,978491.947
8,8005,24.39323,102.53574,1631.287,978490.555
8,8006,24.39417,102.53435,1631.221,978490.081
8,8007,24.39509,102.53221,1631.002,978489.523
8,8008,24.39615,102.52997,1630.666,978488.979
8,8009,24.3971,102.52841,1630.535,978488.647
8,8010,24.38039,102.53935,1628.582,978493.216
8,8012,24.38375,102.53511,1627.997,978492.056
8,8013,24.38493,102.53307,1628.33,978491.426
8,8014,24.38635,102.5313,1627.864,978491.01
8,8015,24.38729,102.52989,1628.332,978490.607
8,8016,24.38904,102.53092,1628.991,978490.471
8,8017,24.39027,102.52946,1628.784,978490.005
8,8018,24.39163,102.52723,1628.933,978489.493
8,8019,24.39312,102.52531,1629.181,978488.952
8,8020,24.39442,102.52312,1629.969,978488.439
8,8021,24.39589,102.52096,1630.748,978488.028
8,8022,24.39716,102.51909,1631.516,978487.886
8,8023,24.39846,102.51719,1632.122,978488.142
8,8024,24.40001,102.51489,1634.434,978488.709
8,8025,24.39977,102.51307,1638.316,978488.979
8,8026,24.39947,102.51067,1646.236,978488.979
8,8027,24.39998,102.50836,1649.573,978491.123
8,8028,24.40017,102.5063,1650.425,978492.445
8,8029,24.40283,102.50599,1661.84,978491.476
8,8030,24.40393,102.50477,1666.376,978491.648
8,8031,24.40408,102.50308,1675.694,978490.883
8,8032,24.40375,102.50119,1686.248,978489.804
8,8033,24.40377,102.49967,1699.082,978487.611
8,8034,24.40437,102.4982,1720.567,978483.394
8,8035,24.39217,102.51352,1629.673,978489.189
8,8036,24.3917,102.51446,1627.915,978489.198
8,8037,24.39091,102.51638,1627.187,978489.067
8,8038,24.38801,102.51191,1629.055,978489.068
8,8039,24.38789,102.51342,1627.082,978489.306
8,8040,24.3879,102.51461,1626.348,978489.365
8,8041,24.38782,102.51614,1625.951,978489.399
8,8042,24.38948,102.51666,1626.143,978489.27
8,8043,24.38748,102.51773,1625.688,978489.512
8,8044,24.3871,102.51889,1626.544,978489.47
8,8045,24.38667,102.52027,1628.218,978489.292
8,8046,24.38785,102.52066,1629.024,978488.982
8,8047,24.38556,102.52103,1628.897,978489.4
8,8048,24.38326,102.52257,1628.209,978489.983
8,8049,24.38181,102.52364,1627.965,978490.41
8,8050,24.38575,102.52481,1627.521,978490.144
8,8051,24.38498,102.52604,1627.183,978490.506
8,8052,24.38387,102.52762,1627.25,978490.839
12,12001,24.38744,102.56535,1641.373,978498.282
12,12002,24.38493,102.56524,1640.896,978498.453
12,12003,24.38288,102.56514,1638.226,978498.987
12,12004,24.38064,102.56503,1635.363,978499.473
12,12005,24.37853,102.56492,1634.314,978499.694
12,12006,24.37638,102.56477,1635.497,978499.314
12,12007,24.37424,102.56461,1635.225,978499.862
12,12008,24.37204,102.56457,1634.928,978500.103
12,12009,24.36999,102.56445,1635.186,978500.133
12,12010,24.36776,102.56436,1636.857,978500.198
12,12011,24.36562,102.56463,1647.7,978498.465
12,12000,24.36655,102.56634,1647.668,978498.481
12,12012,24.36438,102.56263,1646.806,978499.371
12,12013,24.3632,102.56117,1644.19,978500.433
12,12014,24.3618,102.55924,1642.999,978500.552
12,12015,24.36048,102.55759,1640.091,978500.82
12,12016,24.35935,102.556,1638.113,978500.362
12,12017,24.35799,102.55407,1636.857,978499.346
12,12018,24.35692,102.55251,1637.225,978498.818
12,12019,24.35553,102.5507,1637.96,978498.379
12,12020,24.35392,102.54865,1638.549,978497.991
12,12022,24.35078,102.54589,1637.941,978498.945
12,12023,24.34905,102.544,1637.977,978499.423
12,12024,24.34749,102.54282,1639.56,978499.175
12,12025,24.34568,102.54081,1639.126,978498.832
12,12026,24.34415,102.53921,1637.648,978499.206
12,12027,24.34257,102.53791,1637.062,978500.159
12,12028,24.34078,102.53608,1635.539,978502.215
12,12029,24.3391,102.53455,1633.749,978501.601
12,12030,24.33738,102.53286,1631.409,978500.645
12,12031,24.33594,102.53144,1630.012,978500.059
12,12032,24.33418,102.52979,1627.445,978499.964
12,12033,24.3328,102.52817,1627.901,978499.253
12,12034,24.33116,102.52695,1628.324,978499.041
12,12035,24.32893,102.5259,1628.769,978499.812
12,12036,24.32686,102.52503,1629.763,978500.973
12,12037,24.32581,102.52393,1631.48,978500.687
12,12038,24.32301,102.52277,1633.183,978499.812
12,12039,24.32092,102.52135,1634.697,978500.027
91,9101,24.37502,102.52475,1624.226,978492.299
91,9102,24.37484,102.5233,1623.81,978492.245
91,9103,24.37594,102.52163,1623.75,978491.81
91,9104,24.37653,102.52079,1623.995,978491.566
91,9105,24.37752,102.51976,1623.869,978491.319
91,9106,24.37807,102.51713,1623.772,978490.899
91,9107,24.37863,102.51606,1623.908,978490.613
91,9108,24.37914,102.51482,1623.291,978490.477
91,9109,24.37967,102.51354,1623.65,978490.192
91,9110,24.38039,102.51178,1624.494,978489.887
91,9111,24.38075,102.51078,1627.096,978489.375
91,9112,24.37975,102.50911,1649.075,978484.917
91,9113,24.38015,102.50751,1653.86,978484.204
91,9114,24.3804,102.50492,1641.168,978487.604
91,9115,24.38068,102.50376,1642.732,978487.989
91,9116,24.381,102.50242,1648.647,978487.807
91,9117,24.38191,102.50112,1660.414,978487.279
91,9118,24.38344,102.49899,1665.915,978490.154
91,9119,24.38391,102.49742,1666.67,978492.304
91,9120,24.38505,102.496,1680.088,978490.994
91,9121,24.38561,102.49444,1690.1,978489.847
91,9122,24.38538,102.49211,1699.639,978488.352
91,9123,24.38541,102.49049,1711.211,978485.912
91,9124,24.38452,102.48907,1720.276,978484.05
91,9125,24.38452,102.48706,1736.341,978481.327
91,9126,24.38515,102.48549,1749.437,978478.958
91,9127,24.38635,102.48442,1753.726,978478.47
91,9128,24.38779,102.48322,1765.789,978476.574
91,9129,24.38881,102.48254,1776.632,978474.308
91,9130,24.37408,102.50888,1628.967,978489.685
91,9131,24.37324,102.51019,1626.077,978490.398
91,9132,24.37227,102.51174,1624.401,978490.955
91,9133,24.37158,102.51297,1623.718,978491.318
91,9134,24.37092,102.5143,1623.227,978491.643
91,9135,24.37003,102.51564,1622.935,978492.083
91,9136,24.36913,102.51699,1622.642,978492.544
91,9137,24.36883,102.51853,1622.381,978492.93
91,9138,24.36788,102.51995,1622.366,978493.382
3,3056,24.3719,102.52878,1625.269,978493.778
3,3057,24.37063,102.52976,1625.298,978494.413
3,3058,24.36907,102.53043,1625.773,978495.002
3,3059,24.36721,102.53123,1625.545,978495.794
3,3060,24.36577,102.53267,1623.642,978496.965
3,3061,24.3648,102.53423,1623.409,978497.561
3,3062,24.36288,102.53619,1623.724,978498.227
3,3063,24.36178,102.53774,1624.191,978498.581
3,3064,24.3597,102.5401,1627.01,978499.251
3,3065,24.35769,102.54258,1631.559,978498.091
3,3066,24.35698,102.54362,1632.409,978498.16
3,3067,24.35515,102.54535,1634.358,978498.758
3,3068,24.3539,102.54707,1637.274,978498.3
3,3069,24.35235,102.54904,1639.999,978497.872
3,3070,24.35108,102.55044,1644.008,978497.532
3,3071,24.34943,102.55274,1649.909,978498.133
3,3072,24.34861,102.55513,1659.459,978497.879
9,9018,24.3371,102.52501,1625.152,978499.862
9,9019,24.33769,102.52364,1622.954,978499.813
9,9020,24.33857,102.52256,1622.044,978499.803
9,9021,24.33957,102.52139,1621.095,978499.885
9,9022,24.34068,102.52008,1619.957,978500.183
9,9023,24.34169,102.51878,1619.293,978500.18
9,9024,24.34262,102.51758,1619.086,978499.836
9,9025,24.34353,102.51642,1618.898,978499.278
9,9026,24.3444,102.51526,1618.736,978498.848
9,9027,24.34141,102.52682,1625.031,978502.477
9,9028,24.34253,102.52555,1624.572,978501.686
9,9029,24.34336,102.52456,1622.995,978501.217
9,9030,24.3442,102.5234,1621.265,978500.73
9,9031,24.34527,102.52227,1620.083,978500.063
9,9032,24.34626,102.52086,1619.3,978499.428
9,9033,24.3473,102.51963,1618.892,978498.915
9,9034,24.34834,102.51844,1618.844,978498.461
9,9035,24.34932,102.51724,1618.98,978498.003
9,9036,24.35061,102.51537,1619.632,978497.22
9,9037,24.35198,102.51406,1619.753,978496.503
9,9038,24.35286,102.51266,1619.984,978495.848
9,9039,24.35399,102.51157,1621.542,978494.952
9,9040,24.35157,102.50679,1619.963,978495.176
9,9041,24.3506,102.50806,1619.367,978495.718
9,9042,24.34964,102.5093,1619.079,978496.277
9,9043,24.34871,102.51054,1618.875,978496.821
9,9044,24.34751,102.51171,1618.693,978497.496
9,9045,24.35213,102.50466,1619.162,978495.046
9,9046,24.35326,102.50353,1618.664,978494.846
9,9047,24.35437,102.50243,1618.227,978494.785
9,9048,24.35552,102.50117,1618.275,978494.787
9,9049,24.35678,102.49976,1618.484,978494.82
9,9050,24.35424,102.50902,1620.352,978494.715
9,9051,24.35535,102.5078,1619.063,978494.526
9,9052,24.35693,102.50636,1618.947,978494.107
9,9053,24.35782,102.5044,1618.159,978494.094
9,9054,24.35879,102.50258,1619.366,978493.914
9,9055,24.36004,102.50094,1621.097,978493.575
9,9056,24.36143,102.49943,1624.313,978493.052
9,9057,24.36324,102.49841,1631.296,978491.765
9,9058,24.36393,102.49633,1634.516,978492.026
9,9059,24.36537,102.49507,1645.135,978490.535
9,9060,24.36647,102.49307,1666.316,978487.415
9,9061,24.36746,102.49074,1685.036,978485.196
9,9062,24.3691,102.48922,1694.535,978484.341
9,9063,24.37016,102.48714,1706.476,978483.161
9,9064,24.37137,102.48542,1716.812,978482.135
9,9065,24.3715,102.48334,1719.842,978482.407
9,9066,24.36113,102.50767,1619.226,978493.399
9,9067,24.36011,102.50917,1619.285,978493.626
9,9068,24.35887,102.51058,1619.187,978493.976
9,9069,24.35713,102.5128,1621.42,978494.33
9,9070,24.35608,102.51453,1620.318,978495.158
9,9071,24.35496,102.51598,1619.881,978495.828
9,9072,24.35372,102.5177,1619.601,978496.625
9,9073,24.35247,102.51935,1618.816,978497.408
9,9074,24.35139,102.52061,1618.586,978498.085
9,9075,24.3503,102.5218,1618.984,978498.632
92,9201,24.39225,102.47305,1780.894,978474.852
92,9202,24.39115,102.47545,1787.726,978473.763
92,9203,24.38811,102.47512,1758.952,978478.933
92,9204,24.38601,102.476,1750.127,978480.597
92,9205,24.38434,102.4775,1750.205,978480.492
92,9206,24.38283,102.47999,1752.815,978479.344
92,9207,24.38178,102.48211,1750.211,978479.742
92,9208,24.38031,102.48357,1743.742,978480.852
92,9209,24.37911,102.48645,1725.08,978482.989
92,9210,24.37893,102.48871,1716.559,978483.465
92,9211,24.37775,102.49043,1706.503,978484.72
92,9212,24.37697,102.49269,1690.721,978486.947
92,9213,24.37595,102.49477,1676.763,978487.997
92,9214,24.37408,102.49777,1661.984,978486.688
92,9215,24.37189,102.49891,1644.947,978488.706
92,9216,24.37097,102.50083,1638.794,978488.875
92,9217,24.36986,102.50281,1637.035,978488.77
92,9218,24.3695,102.50452,1634.703,978489.071
92,9219,24.36907,102.50638,1625.064,978491.161
92,9220,24.36878,102.50805,1620.973,978491.976
92,9221,24.36806,102.50955,1620.913,978492.099
92,9222,24.36831,102.51119,1620.993,978492.218
92,9223,24.36805,102.51298,1621.212,978492.423
92,9224,24.36749,102.51462,1621.774,978492.713
92,9225,24.36671,102.51622,1622.314,978492.965
92,9226,24.36563,102.51754,1622.313,978493.453
92,9227,24.36479,102.51882,1622.413,978493.89
92,9228,24.36351,102.52004,1622.643,978494.367
92,9229,24.36266,102.52104,1623.237,978494.648
92,9230,24.36195,102.52222,1623.076,978495.099
92,9231,24.36108,102.52341,1622.484,978495.626
92,9232,24.3601,102.52444,1622.455,978496.136
92,9233,24.35968,102.52505,1622.436,978496.384
